"Table 5. Heroin Use in the Past Year, by Age Group and State: Estimated Numbers (in Thousands), Annual Averages Based on 2014 and 2015 NSDUHs",,,,,,,,,,,,,,,,
"NOTE: State and census region estimates, along with the 95 percent Bayesian confidence (credible) intervals, are based on a survey-weighted hierarchical Bayes estimation approach and generated by Markov Chain Monte Carlo techniques. For the ""Total U.S."" row, design-based (direct) estimates and corresponding 95 percent confidence intervals are given.",,,,,,,,,,,,,,,,
"NOTE: The column labeled ""Order"" can be used to sort the data to the original sort order.",,,,,,,,,,,,,,,,
NOTE: Estimated numbers appearing as 0 in this table mean that the estimate is greater than 0 but less than 500 (because estimated numbers are shown in thousands).,,,,,,,,,,,,,,,,
"Source: SAMHSA, Center for Behavioral Health Statistics and Quality, National Survey on Drug Use and Health, 2014 and 2015.",,,,,,,,,,,,,,,,
Order,State,"12 or Older Estimate","12 or Older 95% CI (Lower)","12 or Older 95% CI (Upper)","12-17 Estimate","12-17 95% CI (Lower)","12-17 95% CI (Upper)","18-25 Estimate","18-25 95% CI (Lower)","18-25 95% CI (Upper)","26 or Older Estimate","26 or Older 95% CI (Lower)","26 or Older 95% CI (Upper)","18 or Older Estimate","18 or Older 95% CI (Lower)","18 or Older 95% CI (Upper)"
1,Total U.S.,871,772,983,25,16,38,242,204,287,604,514,711,846,748,958
2,Northeast,260,206,327,5,3,9,60,47,77,194,147,257,254,202,321
3,Midwest,176,137,225,6,3,9,55,44,70,115,84,158,170,133,218
4,South,255,203,320,7,4,13,72,57,91,176,132,233,248,197,311
5,West,181,137,238,7,4,12,54,41,71,120,85,169,174,132,230
6,Alabama,11,5,24,0,0,1,3,2,6,7,3,20,11,5,23
7,Alaska,7,4,13,0,0,0,1,0,1,6,3,12,7,4,13
8,Arizona,31,16,60,1,0,3,7,4,12,23,11,50,30,15,58
9,Arkansas,4,2,10,0,0,1,1,1,3,3,1,8,4,2,10
10,California,64,39,105,3,1,6,24,16,38,37,19,73,62,37,101
11,Colorado,17,9,35,1,0,1,6,3,10,11,5,27,17,8,34
12,Connecticut,27,14,51,0,0,1,4,2,7,22,10,47,26,14,51
13,Delaware,8,5,14,0,0,0,1,1,2,7,4,12,8,5,14
14,District of Columbia,3,2,7,0,0,0,0,0,0,3,2,7,3,2,7
15,Florida,38,23,63,1,0,2,12,8,19,25,13,48,37,23,61
16,Georgia,12,5,28,0,0,1,4,2,9,8,3,22,12,5,28
17,Hawaii,3,1,6,0,0,0,1,0,1,2,1,5,2,1,6
18,Idaho,4,2,8,0,0,0,1,1,2,2,1,6,3,2,8
19,Illinois,36,20,63,1,1,2,9,6,15,25,13,51,35,20,62
20,Indiana,15,8,30,1,0,1,6,3,10,9,4,22,15,7,29
21,Iowa,3,1,8,0,0,1,2,1,3,2,0,6,3,1,8
22,Kansas,3,1,8,0,0,1,1,1,3,2,1,6,3,1,8
23,Kentucky,20,10,38,1,0,1,5,3,8,15,7,32,19,10,37
24,Louisiana,6,2,16,0,0,1,2,1,4,4,1,14,6,2,16
25,Maine,7,3,14,0,0,0,2,1,3,5,2,13,7,3,14
26,Maryland,44,24,82,1,0,2,7,4,12,36,18,74,43,23,81
27,Massachusetts,13,6,30,0,0,1,5,3,10,8,3,22,13,6,29
28,Michigan,31,19,50,1,0,2,9,6,14,21,11,39,30,18,49
29,Minnesota,16,7,35,0,0,1,5,3,9,11,4,29,15,7,34
30,Mississippi,4,1,9,0,0,0,1,1,2,2,1,8,3,1,9
31,Missouri,12,5,28,0,0,1,4,2,8,8,3,23,12,5,27
32,Montana,1,1,4,0,0,0,1,0,1,1,0,3,1,1,4
33,Nebraska,3,1,7,0,0,0,1,1,3,2,1,6,3,1,7
34,Nevada,8,4,17,0,0,1,2,1,4,6,2,14,8,4,16
35,New Hampshire,7,4,13,0,0,1,3,2,5,4,2,9,7,4,12
36,New Jersey,51,30,87,1,0,2,12,7,19,39,20,73,50,29,86
37,New Mexico,3,1,8,0,0,0,1,0,2,2,1,7,3,1,8
38,New York,87,57,134,2,1,3,17,11,27,68,41,112,86,56,132
39,North Carolina,16,8,35,0,0,1,6,3,10,10,4,29,16,7,34
40,North Dakota,1,1,3,0,0,0,0,0,1,1,0,3,1,1,3
41,Ohio,37,23,60,1,1,2,11,7,18,25,13,46,36,22,59
42,Oklahoma,7,3,17,0,0,1,2,1,4,4,1,14,7,3,16
43,Oregon,12,6,24,0,0,1,4,2,6,8,3,19,11,6,23
44,Pennsylvania,59,40,89,1,1,3,15,10,23,43,26,70,58,38,87
45,Rhode Island,4,2,8,0,0,0,1,1,2,2,1,6,4,2,7
46,South Carolina,11,5,25,0,0,1,3,2,6,8,3,21,11,5,25
47,South Dakota,2,1,4,0,0,0,1,0,1,1,0,4,2,1,4
48,Tennessee,14,6,31,0,0,1,4,2,8,9,3,25,14,6,30
49,Texas,25,13,49,1,0,4,12,7,21,12,4,32,24,12,47
50,Utah,5,2,11,0,0,1,2,1,3,3,1,8,5,2,10
51,Vermont,4,2,8,0,0,0,1,1,2,3,1,7,4,2,8
52,Virginia,25,14,45,1,0,2,7,4,12,17,8,35,24,13,44
53,Washington,24,12,48,1,0,2,6,4,12,17,7,39,23,11,47
54,West Virginia,6,3,12,0,0,0,2,1,3,4,2,10,5,3,12
55,Wisconsin,15,8,30,1,0,1,6,3,10,9,4,22,15,8,29
56,Wyoming,2,1,5,0,0,0,0,0,1,1,0,5,2,1,5
