"Table 15. Major Depressive Episode in the Past Year, by Age Group and State: Estimated Numbers (in Thousands), Annual Averages Based on 2014 and 2015 NSDUHs",,,,,,,,,,,,,
"NOTE: Major depressive episode (MDE) is defined as in the 4th edition of the Diagnostic and Statistical Manual of Mental Disorders (DSM-IV), which specifies a period of at least 2 weeks when an individual experienced a depressed mood or loss of interest or pleasure in daily activities and had a majority of specified depression symptoms. For details, see Section B of the ""2011-2012 NSDUH: Guide to State Tables and Summary of Small Area Estimation Methodology"" at http://www.samhsa.gov/data/.",,,,,,,,,,,,,
"NOTE: There are minor wording differences in the questions in the adult and adolescent MDE modules. Therefore, data from youths aged 12 to 17 were not combined with data from adults aged 18 or older to produce an estimate for those aged 12 or older. ",,,,,,,,,,,,,
"NOTE: State and census region estimates, along with the 95 percent Bayesian confidence (credible) intervals, are based on a survey-weighted hierarchical Bayes estimation approach and generated by Markov Chain Monte Carlo techniques. For the ""Total U.S."" row, design-based (direct) estimates and corresponding 95 percent confidence intervals are given.",,,,,,,,,,,,,
"NOTE: The column labeled ""Order"" can be used to sort the data to the original sort order.",,,,,,,,,,,,,
NOTE: Estimated numbers appearing as 0 in this table mean that the estimate is greater than 0 but less than 500 (because estimated numbers are shown in thousands).,,,,,,,,,,,,,
"Source: SAMHSA, Center for Behavioral Health Statistics and Quality, National Survey on Drug Use and Health, 2014 and 2015.",,,,,,,,,,,,,
Order,State,"18 or Older Estimate","18 or Older 95% CI (Lower)","18 or Older 95% CI (Upper)","12-17 Estimate","12-17 95% CI (Lower)","12-17 95% CI (Upper)","18-25 Estimate","18-25 95% CI (Lower)","18-25 95% CI (Upper)","26 or Older Estimate","26 or Older 95% CI (Lower)","26 or Older 95% CI (Upper)"
1,Total U.S.,"16,035","15,536","16,545","2,969","2,856","3,085","3,420","3,285","3,560","12,615","12,147","13,101"
2,Northeast,"2,971","2,799","3,153",484,452,517,647,600,698,"2,324","2,164","2,495"
3,Midwest,"3,520","3,342","3,705",650,614,687,759,712,809,"2,761","2,594","2,937"
4,South,"5,876","5,600","6,164","1,088","1,033","1,145","1,177","1,108","1,249","4,700","4,437","4,977"
5,West,"3,667","3,459","3,886",747,699,799,836,774,902,"2,831","2,635","3,040"
6,Alabama,250,211,296,42,35,50,46,37,57,204,168,249
7,Alaska,35,30,41,7,6,9,10,8,12,25,21,31
8,Arizona,342,287,407,72,60,86,63,50,78,279,227,342
9,Arkansas,172,146,203,30,25,36,33,27,40,140,115,169
10,California,"1,731","1,574","1,902",375,337,418,427,378,481,"1,304","1,159","1,466"
11,Colorado,294,250,346,57,48,68,61,51,74,233,191,283
12,Connecticut,188,158,223,33,27,39,40,32,49,148,121,182
13,Delaware,46,39,55,8,7,9,10,8,12,36,29,45
14,District of Columbia,36,30,41,3,2,4,9,7,11,26,22,32
15,Florida,933,825,"1,055",166,147,188,175,153,201,758,654,877
16,Georgia,479,412,557,85,72,101,101,85,121,378,314,454
17,Hawaii,60,49,72,10,8,12,12,9,15,48,38,60
18,Idaho,85,73,99,19,16,23,19,16,23,66,55,80
19,Illinois,581,511,659,115,100,131,126,107,147,455,390,530
20,Indiana,389,330,458,79,66,94,89,74,107,300,245,366
21,Iowa,151,126,179,29,24,35,32,26,40,119,96,146
22,Kansas,149,126,176,27,22,32,32,26,39,117,95,143
23,Kentucky,252,213,298,38,31,45,49,40,59,204,167,247
24,Louisiana,235,196,281,40,33,49,43,35,54,192,155,237
25,Maine,83,71,98,12,10,14,15,13,19,68,56,82
26,Maryland,274,231,324,50,42,60,64,52,78,210,170,259
27,Massachusetts,387,330,452,60,50,72,89,73,108,298,246,359
28,Michigan,499,443,561,93,82,106,116,100,134,383,331,443
29,Minnesota,304,258,358,53,45,64,56,46,69,248,204,301
30,Mississippi,129,108,154,27,22,33,27,22,34,102,83,126
31,Missouri,303,256,358,54,45,64,63,51,78,239,195,293
32,Montana,54,46,65,8,7,10,10,8,13,44,36,54
33,Nebraska,100,85,118,19,15,22,23,19,28,77,63,94
34,Nevada,150,124,180,31,26,37,28,22,34,122,98,151
35,New Hampshire,91,78,107,13,11,16,19,15,23,72,60,87
36,New Jersey,443,382,512,72,61,85,91,76,108,351,294,419
37,New Mexico,102,85,122,19,16,23,20,16,24,83,67,102
38,New York,999,896,"1,112",170,151,192,225,197,258,773,678,881
39,North Carolina,560,485,646,96,82,112,102,85,122,458,386,541
40,North Dakota,36,30,42,5,4,7,10,8,12,26,21,32
41,Ohio,682,609,762,109,96,123,137,119,158,544,475,622
42,Oklahoma,195,165,230,39,32,47,41,33,51,154,126,188
43,Oregon,233,199,273,42,35,49,48,40,58,185,153,223
44,Pennsylvania,683,605,769,109,95,124,148,128,170,535,462,618
45,Rhode Island,59,49,70,10,8,12,13,10,16,46,37,56
46,South Carolina,238,202,280,40,33,48,45,36,55,193,159,234
47,South Dakota,38,32,45,7,5,8,9,7,11,30,24,36
48,Tennessee,347,293,409,55,46,67,67,55,83,279,229,340
49,Texas,"1,112",993,"1,243",272,241,307,249,215,288,863,752,989
50,Utah,143,123,167,35,29,41,39,32,47,104,86,126
51,Vermont,40,33,47,5,4,6,8,6,10,32,26,39
52,Virginia,498,431,573,78,66,91,95,79,113,403,340,476
53,Washington,405,343,477,67,55,80,93,76,114,312,254,381
54,West Virginia,119,100,142,17,14,20,20,16,25,99,81,122
55,Wisconsin,288,243,342,61,51,72,66,54,81,222,180,274
56,Wyoming,33,28,38,6,5,7,7,6,8,26,21,31
