"Table 14. Had Serious Thoughts of Suicide in the Past Year, by Age Group and State: Estimated Numbers (in Thousands), Annual Averages Based on 2014 and 2015 NSDUHs",,,,,,,,,,
"NOTE: Respondents were asked, ""At any time in the past 12 months, did you seriously think about trying to kill yourself?"" If they answered ""Yes,"" they were categorized as having serious thoughts of suicide in the past year. ",,,,,,,,,,
"NOTE: State and census region estimates, along with the 95 percent Bayesian confidence (credible) intervals, are based on a survey-weighted hierarchical Bayes estimation approach and generated by Markov Chain Monte Carlo techniques. For the ""Total U.S."" row, design-based (direct) estimates and corresponding 95 percent confidence intervals are given.",,,,,,,,,,
"NOTE: The column labeled ""Order"" can be used to sort the data to the original sort order.",,,,,,,,,,
NOTE: Estimated numbers appearing as 0 in this table mean that the estimate is greater than 0 but less than 500 (because estimated numbers are shown in thousands).,,,,,,,,,,
"Source: SAMHSA, Center for Behavioral Health Statistics and Quality, National Survey on Drug Use and Health, 2014 and 2015.",,,,,,,,,,
Order,State,"18 or Older Estimate","18 or Older 95% CI (Lower)","18 or Older 95% CI (Upper)","18-25 Estimate","18-25 95% CI (Lower)","18-25 95% CI (Upper)","26 or Older Estimate","26 or Older 95% CI (Lower)","26 or Older 95% CI (Upper)"
1,Total U.S.,"9,653","9,257","10,056","2,753","2,631","2,880","6,900","6,535","7,285"
2,Northeast,"1,714","1,587","1,848",500,461,543,"1,213","1,099","1,339"
3,Midwest,"2,121","1,988","2,261",599,559,642,"1,522","1,402","1,652"
4,South,"3,480","3,277","3,691",959,899,"1,022","2,521","2,335","2,721"
5,West,"2,338","2,171","2,516",694,639,754,"1,644","1,494","1,808"
6,Alabama,148,121,179,41,33,50,107,83,136
7,Alaska,24,20,29,8,7,10,16,13,20
8,Arizona,219,180,265,60,48,74,159,125,202
9,Arkansas,98,80,119,24,19,29,74,58,94
10,California,"1,115",993,"1,250",342,299,391,773,663,900
11,Colorado,182,151,218,50,41,61,131,105,165
12,Connecticut,97,79,118,29,23,37,67,52,87
13,Delaware,29,24,35,8,7,10,21,16,27
14,District of Columbia,23,19,27,7,5,8,16,13,20
15,Florida,563,486,650,145,125,168,417,348,500
16,Georgia,301,253,356,77,63,94,224,181,276
17,Hawaii,41,34,50,11,9,14,30,23,38
18,Idaho,52,43,63,14,11,17,38,30,48
19,Illinois,378,326,438,105,89,124,273,226,328
20,Indiana,206,171,248,60,48,73,146,116,184
21,Iowa,92,76,111,29,23,36,63,50,80
22,Kansas,88,73,106,26,21,32,62,49,78
23,Kentucky,155,128,187,37,30,46,117,92,149
24,Louisiana,144,118,176,38,31,47,106,83,136
25,Maine,43,35,53,10,8,12,33,26,42
26,Maryland,166,137,201,48,39,60,118,92,150
27,Massachusetts,206,169,251,60,49,74,146,114,187
28,Michigan,314,273,361,93,80,109,221,185,265
29,Minnesota,168,140,201,47,38,58,121,97,152
30,Mississippi,91,74,111,24,19,29,67,53,86
31,Missouri,179,148,217,50,41,62,129,101,164
32,Montana,39,32,47,10,8,12,29,23,37
33,Nebraska,58,48,70,18,14,21,41,32,52
34,Nevada,96,79,117,25,20,31,71,56,91
35,New Hampshire,52,42,63,15,12,18,37,28,47
36,New Jersey,259,217,308,72,60,87,186,149,232
37,New Mexico,63,51,78,18,14,22,45,35,58
38,New York,591,514,678,178,153,208,413,345,493
39,North Carolina,315,264,374,77,64,94,237,192,293
40,North Dakota,22,19,26,8,7,10,14,11,18
41,Ohio,408,353,472,105,89,123,304,253,364
42,Oklahoma,114,93,138,33,27,41,80,63,103
43,Oregon,136,112,164,42,34,51,94,73,120
44,Pennsylvania,407,353,467,118,101,137,289,241,346
45,Rhode Island,37,30,45,11,9,14,25,20,33
46,South Carolina,137,112,168,36,29,45,101,79,130
47,South Dakota,23,19,28,7,5,8,16,13,21
48,Tennessee,212,176,255,53,43,66,159,126,199
49,Texas,678,591,775,223,192,258,455,381,543
50,Utah,107,89,128,38,31,46,69,55,87
51,Vermont,23,19,28,6,5,7,17,13,22
52,Virginia,247,211,289,72,60,87,175,143,213
53,Washington,245,202,297,71,58,87,175,137,222
54,West Virginia,61,50,74,15,12,18,46,36,59
55,Wisconsin,184,152,222,52,42,64,132,104,167
56,Wyoming,18,15,22,5,4,7,13,10,16
