"Table 7. Alcohol Use in the Past Month among Individuals Aged 12 to 20, by State: Estimated Numbers (in Thousands), Annual Averages Based on 2014 and 2015 NSDUHs",,,,
"NOTE: State and census region estimates, along with the 95 percent Bayesian confidence (credible) intervals, are based on a survey-weighted hierarchical Bayes estimation approach and generated by Markov Chain Monte Carlo techniques. For the ""Total U.S."" row, design-based (direct) estimates and corresponding 95 percent confidence intervals are given.",,,,
"NOTE: The column labeled ""Order"" can be used to sort the data to the original sort order.",,,,
NOTE: Estimated numbers appearing as 0 in this table mean that the estimate is greater than 0 but less than 500 (because estimated numbers are shown in thousands).,,,,
"Source: SAMHSA, Center for Behavioral Health Statistics and Quality, National Survey on Drug Use and Health, 2014 and 2015.",,,,
Order,State,"Alcohol Use
in Past Month Estimate","Alcohol Use
in Past Month 95% CI (Lower)","Alcohol Use
in Past Month 95% CI (Upper)"
1,Total U.S.,"8,180","7,934","8,434"
2,Northeast,"1,683","1,610","1,758"
3,Midwest,"1,777","1,701","1,855"
4,South,"2,799","2,679","2,923"
5,West,"1,922","1,825","2,022"
6,Alabama,107,93,123
7,Alaska,22,19,24
8,Arizona,150,130,172
9,Arkansas,58,50,66
10,California,"1,022",949,"1,101"
11,Colorado,157,140,174
12,Connecticut,124,110,138
13,Delaware,25,22,28
14,District of Columbia,17,15,20
15,Florida,446,412,482
16,Georgia,223,198,249
17,Hawaii,30,26,35
18,Idaho,36,31,41
19,Illinois,334,306,365
20,Indiana,168,149,190
21,Iowa,92,82,102
22,Kansas,76,68,86
23,Kentucky,92,80,106
24,Louisiana,139,124,155
25,Maine,37,33,41
26,Maryland,162,144,182
27,Massachusetts,240,216,266
28,Michigan,250,229,273
29,Minnesota,146,131,163
30,Mississippi,66,58,76
31,Missouri,142,124,161
32,Montana,25,21,28
33,Nebraska,50,44,56
34,Nevada,79,69,89
35,New Hampshire,42,38,47
36,New Jersey,275,250,301
37,New Mexico,48,42,55
38,New York,548,508,590
39,North Carolina,196,173,220
40,North Dakota,29,26,32
41,Ohio,307,282,333
42,Oklahoma,92,80,105
43,Oregon,103,92,115
44,Pennsylvania,361,334,390
45,Rhode Island,35,31,39
46,South Carolina,107,93,121
47,South Dakota,27,24,30
48,Tennessee,139,120,160
49,Texas,692,635,752
50,Utah,45,36,56
51,Vermont,22,19,24
52,Virginia,194,174,215
53,Washington,192,169,216
54,West Virginia,45,40,51
55,Wisconsin,155,138,174
56,Wyoming,14,12,16
